{
  "en": {
    "AI Audit Matrix v2.0": "AI Audit Matrix v2.0",
    "Welcome {name}": "Welcome {name}",
    "Ethical Assessment (DorjeX Reflex)": "Ethical Assessment (DorjeX Reflex)",
    "EIA Assessment: {assessment}": "EIA Assessment: {assessment}",
    "KPI Assessments: {assessments}": "KPI Assessments: {assessments}",
    "Similarity Score: {score:.2f}": "Similarity Score: {score:.2f}",
    "Error loading data: {error}": "Error loading data: {error}",
    "Username/password is incorrect": "Username/password is incorrect",
    "Please enter your username and password": "Please enter your username and password"
  },
  "vi": {
    "AI Audit Matrix v2.0": "Ma trận kiểm toán AI v2.0",
    "Welcome {name}": "Chào mừng {name}",
    "Ethical Assessment (DorjeX Reflex)": "Đánh giá đạo đức (DorjeX Reflex)",
    "EIA Assessment: {assessment}": "Đánh giá EIA: {assessment}",
    "KPI Assessments: {assessments}": "Đánh giá KPI: {assessments}",
    "Similarity Score: {score:.2f}": "Điểm tương đồng: {score:.2f}",
    "Error loading data: {error}": "Lỗi tải dữ liệu: {error}",
    "Username/password is incorrect": "Tên người dùng/mật khẩu không đúng",
    "Please enter your username and password": "Vui lòng nhập tên người dùng và mật khẩu"
  }
}
